patient,ct_voxels_identical,ct_affine_identical,gt_affine_identical,different_gt_voxels,esophagus_dice,heart_dice,trachea_dice,aorta_dice
Patient_01,True,True,True,6,0.9999073387694588,1.0,1.0,0.9999718447330881
Patient_02,True,True,True,0,1.0,1.0,1.0,1.0
Patient_03,True,True,True,32,0.9988136724252984,1.0,1.0,0.9995976563482284
Patient_04,True,True,True,352,0.9905411941742355,1.0,1.0,0.9988246999979966
Patient_05,True,True,True,644,0.9923794196999101,1.0,1.0,0.9972659036103658
Patient_06,True,True,True,0,1.0,1.0,1.0,1.0
Patient_07,True,True,True,91,0.9982040300775622,1.0,1.0,0.9994938511254859
Patient_08,True,True,True,12,0.9996007187063286,1.0,1.0,0.9999290327159179
Patient_09,True,True,True,0,1.0,1.0,1.0,1.0
Patient_10,True,True,True,8,0.9998531840704716,1.0,1.0,0.999963209256551
Patient_11,True,True,True,0,1.0,1.0,1.0,1.0
Patient_12,True,True,True,39,0.9991975803962718,1.0,1.0,0.9998697520948204
Patient_13,True,True,True,4,0.9999155761924863,1.0,1.0,0.999984981602463
Patient_14,True,True,True,29,0.9990859520282409,1.0,1.0,0.9998002273275238
Patient_15,True,True,True,1124,0.9798407346294569,1.0,1.0,0.9975781186032381
Patient_16,True,True,True,0,1.0,1.0,1.0,1.0
Patient_17,True,True,True,52,0.9980199527834894,1.0,1.0,0.9995554643687594
Patient_18,True,True,True,15,0.9996899096603478,1.0,1.0,0.999922727811291
Patient_19,True,True,True,75,0.9976831114268945,1.0,1.0,0.9994763630270406
Patient_20,True,True,True,13,0.9993820999096915,1.0,1.0,0.9998503355936497
